{"cameraMode":{"drawMode":0,"name":"Shaded","section":"Shading Mode"},"sceneLighting":false,"audioPlay":false,"sceneViewState":{"showFog":false,"showMaterialUpdate":false,"showSkybox":false,"showFlares":false,"showImageEffects":false,"showParticleSystems":false},"in2DMode":false,"pivot":{"x":3.91433048248291,"y":-1.5740259885787964,"z":2.358698844909668},"rotation":{"x":-0.10947093367576599,"y":-0.6020871996879578,"z":0.08380954712629318,"w":-0.7864378094673157},"size":10.01874828338623,"orthographic":false}