{"cameraMode":{"drawMode":0,"name":"Shaded","section":"Shading Mode"},"sceneLighting":true,"audioPlay":false,"sceneViewState":{"showFog":false,"showMaterialUpdate":false,"showSkybox":false,"showFlares":false,"showImageEffects":false,"showParticleSystems":false},"in2DMode":false,"pivot":{"x":-6.480882167816162,"y":-9.957319259643555,"z":51.47564697265625},"rotation":{"x":0.11759145557880402,"y":-0.023831220343708993,"z":0.0028227141592651607,"w":0.9927719235420227},"size":74.0793228149414,"orthographic":false}